"id","sex","phenotype","Npos_Nneg","Npos_Epos","Npos_Eneg","phenotype_M","Npos_Nneg_M","Npos_Epos_M","Npos_Eneg_M","phenotype_F","Npos_Nneg_F","Npos_Epos_F","Npos_Eneg_F"
"77W03338","F",2,1,1,1,NA,NA,NA,NA,2,1,1,1
"77W02508","M",2,1,1,1,2,1,1,1,NA,NA,NA,NA
"77W03003","M",1,0,0,NA,1,0,0,NA,NA,NA,NA,NA
"77W04161","M",1,0,0,NA,1,0,0,NA,NA,NA,NA,NA
"77W04453","M",2,1,1,1,2,1,1,1,NA,NA,NA,NA
"77W04515","M",2,1,1,1,2,1,1,1,NA,NA,NA,NA
"77W02547","M",2,1,1,1,2,1,1,1,NA,NA,NA,NA
"77W05152","M",0,0,NA,0,0,0,NA,0,NA,NA,NA,NA
"77W03465","F",2,1,1,1,NA,NA,NA,NA,2,1,1,1
"77W03320","M",2,1,1,1,2,1,1,1,NA,NA,NA,NA
"77W03077","M",1,0,0,NA,1,0,0,NA,NA,NA,NA,NA
"77W03286","M",2,1,1,1,2,1,1,1,NA,NA,NA,NA
"77W02283","M",2,1,1,1,2,1,1,1,NA,NA,NA,NA
"77W04542","M",2,1,1,1,2,1,1,1,NA,NA,NA,NA
"77W03649","M",2,1,1,1,2,1,1,1,NA,NA,NA,NA
"77W04187","M",2,1,1,1,2,1,1,1,NA,NA,NA,NA
"77W02573","M",2,1,1,1,2,1,1,1,NA,NA,NA,NA
"77W04596","M",2,1,1,1,2,1,1,1,NA,NA,NA,NA
"77W04555","M",2,1,1,1,2,1,1,1,NA,NA,NA,NA
