phen,"npc_cleaned_full.fam/id","npc_cleaned_full.fam/sex","npc_cleaned_full.fam/phenotype","phenotype_plus.txt/sex","phenotype_plus.txt/phenotype","phenotype_plus.txt/Npos_Nneg","phenotype_plus.txt/Npos_Epos","phenotype_plus.txt/Npos_Eneg","phenotype_plus.txt/phenotype_M","phenotype_plus.txt/Npos_Nneg_M","phenotype_plus.txt/Npos_Epos_M","phenotype_plus.txt/Npos_Eneg_M","phenotype_plus.txt/phenotype_F","phenotype_plus.txt/Npos_Nneg_F","phenotype_plus.txt/Npos_Epos_F","phenotype_plus.txt/Npos_Eneg_F"
1,77W03338,0,-9,"F",2,1,1,1,NA,NA,NA,NA,2,1,1,1
2,77W02508,0,-9,"M",2,1,1,1,2,1,1,1,NA,NA,NA,NA
3,77W03003,0,-9,"M",1,0,0,NA,1,0,0,NA,NA,NA,NA,NA
4,77W04161,0,-9,"M",1,0,0,NA,1,0,0,NA,NA,NA,NA,NA
5,77W04453,0,-9,"M",2,1,1,1,2,1,1,1,NA,NA,NA,NA
6,77W04515,0,-9,"M",2,1,1,1,2,1,1,1,NA,NA,NA,NA
7,77W02547,0,-9,"M",2,1,1,1,2,1,1,1,NA,NA,NA,NA
8,77W05152,0,-9,"M",0,0,NA,0,0,0,NA,0,NA,NA,NA,NA
9,77W03465,0,-9,"F",2,1,1,1,NA,NA,NA,NA,2,1,1,1
1034,77W03320,0,-9,"M",2,1,1,1,2,1,1,1,NA,NA,NA,NA
1035,77W03077,0,-9,"M",1,0,0,NA,1,0,0,NA,NA,NA,NA,NA
1036,77W03286,0,-9,"M",2,1,1,1,2,1,1,1,NA,NA,NA,NA
1037,77W02283,0,-9,"M",2,1,1,1,2,1,1,1,NA,NA,NA,NA
1038,77W04542,0,-9,"M",2,1,1,1,2,1,1,1,NA,NA,NA,NA
1039,77W03649,0,-9,"M",2,1,1,1,2,1,1,1,NA,NA,NA,NA
1040,77W04187,0,-9,"M",2,1,1,1,2,1,1,1,NA,NA,NA,NA
1041,77W02573,0,-9,"M",2,1,1,1,2,1,1,1,NA,NA,NA,NA
1042,77W04596,0,-9,"M",2,1,1,1,2,1,1,1,NA,NA,NA,NA
1043,77W04555,0,-9,"M",2,1,1,1,2,1,1,1,NA,NA,NA,NA
